item_id,domain,a,b
mem_000,memory,1.86,0.75
mem_001,memory,0.92,1.65
mem_002,memory,1.82,-1.2
mem_003,memory,1.75,-2.97
mem_004,memory,1.26,1.78
mem_005,memory,0.99,-1.18
mem_006,memory,1.22,-1.47
mem_007,memory,1.37,0.03
mem_008,memory,1.71,2.97
mem_009,memory,1.98,0.73
att_010,attention,0.82,-1.71
att_011,attention,0.66,0.68
att_012,attention,1.32,-2.79
att_013,attention,1.88,-0.2
att_014,attention,1.32,0.78
att_015,attention,0.95,-0.02
att_016,attention,0.87,-2.93
att_017,attention,0.88,1.15
att_018,attention,0.61,-0.78
att_019,attention,0.82,1.98
spe_020,speed,1.83,-1.39
spe_021,speed,1.79,0.06
spe_022,speed,1.64,0.84
spe_023,speed,1.36,-2.45
spe_024,speed,1.82,0.05
spe_025,speed,1.44,-0.83
spe_026,speed,1.14,-2.64
spe_027,speed,0.81,-1.06
spe_028,speed,1.13,1.9
spe_029,speed,1.43,2.87
rea_030,reasoning,1.49,0.63
rea_031,reasoning,0.81,1.06
rea_032,reasoning,0.94,-0.36
rea_033,reasoning,0.74,-0.59
rea_034,reasoning,0.9,2.81
rea_035,reasoning,1.02,1.03
rea_036,reasoning,1.53,2.24
rea_037,reasoning,1.78,-2.21
rea_038,reasoning,1.87,2.67
rea_039,reasoning,0.8,0.42
