time_s,measurement,measurement_err
0.0,5.457075619631647,0.4634260456768391
0.5,4.440023840639257,0.7330229940028451
1.0,8.125676793709687,0.8325506130210012
1.5,9.41084707458682,0.9172444662718557
2.0,6.073447217019245,0.9422453159585711
2.5,8.046730739706522,0.9586694470399851
3.0,11.191760604750929,0.7302549855503125
3.5,11.525636111484626,0.7075296414670866
4.0,12.974798263743567,0.9715951762514308
4.5,12.72043410863963,0.7617391350236771
5.0,16.319096962294243,0.5448627353324156
5.5,17.166687903143423,0.5733425571993039
6.0,17.099046046341822,0.6161095427996778
6.5,19.69086181045205,0.8994321488107528
7.0,19.70126401337807,0.828485147214113
7.5,18.71106130567514,0.9380970708135536
8.0,21.553126176123747,0.7145494707326931
8.5,20.5616760987565,0.831707938215343
9.0,24.31767545196091,0.9251180787934674
9.5,23.92511113352062,0.7381306920559524
10.0,24.722706454682108,0.8913550475114823
10.5,24.978605683394086,0.6676148117866698
11.0,28.833812008011044,0.7273892306869857
11.5,27.768205776896796,0.7236524212003342
12.0,28.35750826675534,0.5608320708821921
12.5,29.471799674267654,0.8973944961571164
13.0,31.798463778330024,0.7061195319594553
13.5,32.54816609654612,0.8024988237455375
14.0,33.619098917393984,0.8961493317811818
14.5,34.646231504511825,0.8893062352059888
15.0,38.21247140130569,0.9330770217945573
15.5,35.39037747542308,0.7803029030981153
16.0,36.2316359063927,0.7153403375911693
16.5,36.77934090762818,0.7840563578187202
17.0,39.923969133863245,0.4625331132083941
17.5,41.69345843908134,0.5105775055153825
18.0,40.82907881351769,0.5354600775291196
18.5,40.739765284556206,0.6005506344797037
19.0,41.76327817646314,0.8799548453446874
19.5,44.97588918173705,0.6189041889279878
20.0,46.11488125680516,0.7243674891921221
20.5,46.814731402457795,1.0598456595572132
21.0,46.001735439066955,0.7287472057877149
21.5,48.34824198460008,0.9475031136934173
22.0,49.17502871371109,0.6132764639980246
22.5,50.32803289509352,0.7589124884264741
23.0,52.30714316692229,0.6099955890178838
23.5,52.33539332316202,0.7321933848198876
24.0,54.018370344607845,0.9680616274914792
24.5,54.101368604233336,0.45453591536153026
25.0,55.43367909803498,0.8868847287091715
25.5,56.94693233875781,0.8475471204664556
26.0,54.8142662702165,0.6811700088606412
26.5,57.52049317546405,0.510788429122309
27.0,58.2944410185608,0.814425901542774
27.5,59.041683227634984,0.6941014581872396
28.0,60.587286623159976,0.8465352422709408
28.5,64.24241196685159,0.8043704291046886
29.0,61.70125332646013,1.120355778264183
29.5,65.45241753188722,0.7521288745053952
